"SN","Response","RT","Pair"
"1",1,17065.6000000015,10
"1",-1,1188.40000000149,18
"1",-1,1016.6,11
"1",-2,4753.5,7
"1",-1,1275.6,16
"1",1,3921.4,13
"1",-1,4348.3,17
"1",1,1287.10000000149,12
"1",-1,1883.3,1
"1",-2,1217.49999999851,8
"1",-2,999.599999999256,14
"1",1,1625.20000000149,6
"1",1,2320.60000000149,2
"1",-1,1316.10000000075,9
"1",1,1840.10000000075,4
"1",-1,1086.40000000074,5
"1",1,1387.49999999926,3
"1",1,988.199999999255,15
"1",-1,3676.89999999925,19
"1",1,1266.49999999852,21
"1",1,935.299999999261,20
"1",1,906.100000000748,7
"1",1,1878.09999999851,5
"1",1,1771.60000000075,9
"1",1,1133.20000000001,17
"1",2,1537.2999999985,16
"1",-1,1307.60000000001,15
"1",1,1399.79999999926,1
"1",-1,1016.19999999851,4
"1",2,2199.90000000001,14
"1",1,6753.10000000149,13
"1",1,1227.29999999926,10
"1",1,3026.60000000149,3
"1",1,2369.7999999985,18
"1",1,594.599999998507,8
"1",-1,972.099999999249,6
"1",1,1150.00000000001,11
"1",-1,1800,2
"1",-1,1216.60000000001,12
"8",-1,16415.6,17
"8",-1,1104.4,1
"8",-1,1932.3,16
"8",-1,1120.10000000596,2
"8",1,1011.50000000596,5
"8",-2,2732.00000000596,11
"8",1,1127.20000000298,6
"8",1,857.600000011924,13
"8",1,1135.60000001192,14
"8",-1,1083.30000000298,3
"8",-1,1039.80000000596,7
"8",1,1039.1,9
"8",-1,933.200000000012,18
"8",1,1169.60000000596,12
"8",1,721.800000011921,15
"8",1,773.200000011922,8
"8",-1,1559.10000000596,10
"8",1,1416.7,4
"8",-1,2161.2,21
"8",2,1131.60000001192,20
"8",2,1094.80000000894,19
"8",-1,1283.00000000298,12
"8",1,992.600000005958,3
"8",1,1961.10000001192,17
"8",1,779.600000008941,7
"8",1,892.000000011918,5
"8",-1,2617.70000000298,13
"8",1,1144.70000000596,2
"8",1,722.800000011921,18
"8",-1,1054.90000000596,4
"8",-1,812.800000011921,6
"8",1,940.800000011921,15
"8",1,1134.90000000298,1
"8",1,1457.80000000595,14
"8",1,856.399999999994,9
"8",-1,1510.30000000595,8
"8",1,842.40000000596,16
"8",2,1161.00000000597,11
"8",1,811.100000000006,10
"12",1,18849.1999999985,4
"12",-1,2311.39999999702,18
"12",-1,3219.59999999851,17
"12",1,2155,5
"12",1,1885.29999999553,14
"12",-1,2921.69999999702,2
"12",1,3620.7,1
"12",1,1555.6,7
"12",1,1429.89999999702,8
"12",-2,4669.69999999553,12
"12",1,3155.29999999851,6
"12",1,1108.59999999553,13
"12",1,5545.29999999851,3
"12",1,1547.99999999702,16
"12",1,1085.7999999985,9
"12",1,1066.59999999404,15
"12",-2,2369.19999999553,10
"12",-2,2978.09999999552,11
"12",-1,2059.99999999553,21
"12",1,4202.39999999999,19
"12",2,1289.99999999403,20
"12",1,2158.69999999405,15
"12",-1,1296.60000000001,9
"12",1,1253.39999999404,10
"12",1,2547.7999999985,2
"12",1,2061.69999999405,11
"12",-1,3068.39999999553,5
"12",-1,14434.1999999955,3
"12",1,1464.69999999701,12
"12",1,2533.39999999999,1
"12",1,2001.89999999553,8
"12",1,1601.39999999404,18
"12",-1,2930.09999999702,14
"12",1,1557.49999999553,13
"12",-1,2935.49999999702,6
"12",-1,2513.79999999702,16
"12",-1,1373.60000000001,4
"12",-1,5359.2999999985,7
"12",-1,1065,17
"13",-1,11672.299999994,7
"13",1,1244.30000000298,18
"13",1,1218.99999999404,15
"13",1,3322.49999999702,6
"13",2,2142.7,11
"13",1,1681.60000000298,8
"13",1,998.500000005959,4
"13",-1,5679.3,17
"13",-1,3172.89999999404,16
"13",1,1013.69999999404,1
"13",-1,10606.400000003,3
"13",1,998.400000000002,13
"13",-1,2223.09999999404,14
"13",-1,4085.59999999404,12
"13",1,2516.50000000001,10
"13",-1,1359.29999999404,5
"13",-1,5121.29999999404,9
"13",2,2581.00000000597,2
"13",1,1221.89999999999,19
"13",-2,5213.09999999702,21
"13",2,989.199999997014,20
"13",1,1318.19999999405,9
"13",1,3729.19999999701,12
"13",1,1700.80000000595,5
"13",1,3793.10000000297,3
"13",2,1705.60000000001,17
"13",1,1797.60000000001,10
"13",1,1070.09999999702,13
"13",2,2003.39999999703,14
"13",-1,1011.99999999403,2
"13",-1,2931.3,6
"13",-1,1543.10000000001,8
"13",-2,1321.89999999404,15
"13",1,1013.79999999404,7
"13",-2,2349.10000000596,4
"13",-1,2151.89999999999,1
"13",-1,2753.90000000596,11
"13",1,2172.59999999404,16
"13",-1,2561.80000000595,18
"14",1,19530.8,16
"14",-1,1662.19999999702,4
"14",-1,1875.69999999702,11
"14",-1,2105.3,14
"14",2,1364.70000000596,8
"14",-1,1671.50000000298,12
"14",-1,1604.2,1
"14",1,1924.8,10
"14",-1,1831.6,6
"14",1,1519.5,13
"14",-1,946.800000000003,3
"14",2,1116.7,15
"14",1,1017.29999999702,18
"14",2,1528.80000000596,5
"14",1,1412.20000000596,7
"14",-1,1380.2,2
"14",2,1261.70000000894,9
"14",-2,1299.30000000298,17
"14",-1,1264.20000000596,20
"14",-1,1334.40000000894,19
"14",2,1521.20000000894,21
"14",1,1068.40000000894,11
"14",-1,1041.70000000596,8
"14",-2,1176.40000000596,9
"14",1,954.500000008935,18
"14",1,979.900000008944,2
"14",-1,2181.30000000894,4
"14",1,1142.5,13
"14",-1,1009.2,5
"14",-1,1153.20000000596,6
"14",-1,2987.49999999702,3
"14",1,1244,16
"14",-1,1826.60000000596,15
"14",1,1114.20000000895,10
"14",-1,854.200000008947,12
"14",1,1708.29999999702,17
"14",-1,1104.10000000001,7
"14",1,980.400000002977,1
"14",-1,1285.60000000894,14
"15",1,17951.799999994,18
"15",1,4009.59999999404,11
"15",1,2465.19999999404,16
"15",2,1679.69999999404,3
"15",-1,2965.39999999106,12
"15",-1,3879.19999998808,14
"15",-2,11629.099999994,8
"15",1,1468.19999998808,15
"15",-2,3065.49999999404,9
"15",2,1623.69999999106,4
"15",-1,2727.19999999106,6
"15",1,1586.29999998808,1
"15",1,3698.39999999404,7
"15",1,1703.29999998808,13
"15",2,1275.89999999703,5
"15",2,1264.99999999403,10
"15",1,2462.79999999105,17
"15",-1,2997.19999998808,2
"15",2,1085.99999998808,20
"15",1,1923,21
"15",2,2741.7,19
"15",1,1256.19999998808,6
"15",-2,1270.59999999404,3
"15",-2,1571.99999999403,16
"15",1,1677.59999999702,9
"15",1,1538.39999999703,10
"15",-2,2446.09999999702,15
"15",2,2396.89999999106,17
"15",-1,3188.89999999703,13
"15",-1,2109.49999999403,11
"15",1,9337.5,14
"15",-2,2020.39999999404,18
"15",-2,2339.49999999107,8
"15",-1,2990.19999999106,1
"15",-2,1567.59999999404,4
"15",1,10144.599999997,2
"15",-2,1731.29999999405,5
"15",-1,1782.49999999107,12
"15",-1,1663.89999999999,7
"16",1,9720.39999999702,11
"16",1,2507.59999999106,7
"16",1,3735.40000000298,18
"16",-2,1306.49999999404,9
"16",1,1214.4,12
"16",2,3142.49999999404,15
"16",1,1232.90000000298,8
"16",1,1080.59999999404,2
"16",2,1189.50000000298,10
"16",1,1686.5,13
"16",-2,1715.19999999106,14
"16",2,1127.2,4
"16",1,1658.49999999107,3
"16",1,1888.29999999404,17
"16",-1,1893.60000000297,5
"16",-1,2426.80000000299,16
"16",1,2337.29999999702,1
"16",1,1700.09999999106,6
"16",2,1128.59999999702,20
"16",1,1796.29999999404,21
"16",-1,5620.8,19
"16",1,6004.39999999404,13
"16",-2,1451.99999999403,18
"16",-2,3034.39999999106,15
"16",-2,1688.99999999702,4
"16",1,1181.89999999999,17
"16",-1,1639.7,11
"16",1,2614.10000000297,3
"16",-1,1957.69999999701,5
"16",-1,3359.89999999106,6
"16",-1,2257.79999999702,16
"16",-2,1328.10000000001,2
"16",1,1147.39999999999,1
"16",-1,2150,10
"16",1,1120.89999999404,14
"16",1,1307.80000000299,9
"16",1,2912.29999999404,8
"16",1,1604.00000000297,7
"16",-1,2068.29999999405,12
"34",1,16083.2,12
"34",-1,8664.59999980927,2
"34",1,3422.69999980927,9
"34",1,1804.9,4
"34",-1,3773.9,3
"34",1,2351.19999985695,8
"34",1,1560.59999980927,1
"34",1,2202.4,5
"34",1,4194.59999980927,7
"34",-1,2876.29999980926,14
"34",1,2849.09999990463,10
"34",1,3176.2,11
"34",-1,2761.39999995232,18
"34",-1,2354.79999990463,17
"34",1,1533.19999999998,13
"34",1,2080.2,6
"34",1,2653.29999985694,15
"34",-1,3948,16
"34",2,2054.99999980927,21
"34",2,1548.09999985695,20
"34",1,1951.69999980926,19
"34",1,1192.89999985695,17
"34",2,2338.60000000001,1
"34",1,2533.09999999999,7
"34",1,1735.89999990464,16
"34",1,2058.59999990463,2
"34",1,1912.5,11
"34",-1,1693.5,15
"34",1,1778.19999985695,9
"34",1,2002.39999985695,5
"34",-1,2700,18
"34",-1,3624.29999985694,8
"34",1,2143.59999985695,13
"34",1,2810.29999995232,10
"34",1,2137.49999990463,14
"34",-1,2245.09999985696,4
"34",1,2187.59999980926,3
"34",-1,3116.19999990464,12
"34",-1,2111.69999990464,6
"38",-1,14809.0000000954,11
"38",2,2839.89999990463,13
"38",1,3222.19999990463,6
"38",1,1750,17
"38",1,9008.49999995232,18
"38",1,6639.8,2
"38",1,1694.7,8
"38",-2,2260.3,10
"38",-2,1185.39999990464,7
"38",2,1890.69999990463,4
"38",1,3295.8,14
"38",-1,1844.09999990463,3
"38",1,3163.10000009536,12
"38",-1,3261.10000009536,1
"38",1,1523.00000004769,5
"38",1,1669.60000000001,9
"38",-1,2868.09999990463,16
"38",-1,1608.3,15
"38",1,3616.59999999999,21
"38",-1,1552.79999995232,20
"38",-2,1931.70000004768,19
"38",1,4230.60000004768,16
"38",1,1549.2,12
"38",1,2624.19999990464,15
"38",2,2056.10000004768,11
"38",-1,3638.19999995231,5
"38",1,1964.69999990464,8
"38",-2,1494.89999995232,4
"38",-2,2667.70000009537,6
"38",1,2032.99999995231,1
"38",1,2432.50000009537,10
"38",1,1086.89999999999,13
"38",-1,2036.30000004769,17
"38",1,979.20000009537,18
"38",-1,4708.60000009536,2
"38",-1,5208.90000004768,9
"38",1,2152.5999999523,14
"38",2,1298.49999990463,7
"38",1,5823.60000000001,3
"50",-1,16319.8999999046,2
"50",1,2249.9,10
"50",1,1305.29999995232,5
"50",-1,1668.79999995232,9
"50",1,2314.19999985695,4
"50",1,2134.60000004769,3
"50",-1,1248.89999995231,14
"50",2,1047.89999990464,13
"50",1,1414.70000004768,7
"50",-2,1174.29999995232,11
"50",-2,1280.10000004769,18
"50",1,1356.79999990463,15
"50",1,2375.69999985695,1
"50",1,1240.19999990463,8
"50",-1,1383.29999985695,16
"50",1,1208.79999990463,6
"50",1,2488.40000004768,17
"50",1,3093.79999995232,12
"50",-2,1002.2,21
"50",1,969.699999999997,20
"50",-1,1195.39999985695,19
"50",1,1115.90000004768,7
"50",1,1855.59999985695,16
"50",-1,1389.59999985695,12
"50",1,3511.09999990463,5
"50",1,1186.5,1
"50",-1,2715.69999990464,3
"50",-2,1871.59999985695,4
"50",1,1036.79999995232,8
"50",-2,1324.00000004769,17
"50",1,1454.99999985695,10
"50",2,981.300000000003,11
"50",1,1222.29999995232,14
"50",1,2125.89999990464,2
"50",2,1249.3,18
"50",1,1487.99999990463,9
"50",1,3068.49999985695,15
"50",1,1682.10000000001,13
"50",-1,1055.00000004769,6
"52",-1,16536.4999998569,3
"52",1,1314.79999995232,14
"52",-2,1871.39999985695,16
"52",-1,1619.79999985695,11
"52",1,1931.3,2
"52",1,2446.89999985695,15
"52",1,4357.60000004769,12
"52",1,1831.49999990463,5
"52",-2,1726.79999990463,8
"52",1,1946.29999990463,1
"52",2,1605.09999995232,17
"52",2,1549.19999985695,6
"52",1,1615.99999985695,10
"52",2,967.299999952316,13
"52",1,1369.19999995232,4
"52",-1,1274.40000004768,9
"52",1,1639.99999985695,18
"52",-1,1286.29999985695,7
"52",2,1379.19999990463,21
"52",2,1772.70000004768,19
"52",2,1133.29999999999,20
"52",1,1713.49999985695,18
"52",-1,3085.09999985695,5
"52",1,1585.79999985694,11
"52",-1,1762.5,10
"52",1,1853.7,15
"52",2,2682.89999995232,1
"52",-1,1623.89999985695,4
"52",1,1247.59999995232,3
"52",1,2614,7
"52",-1,1558.19999990464,12
"52",1,3728.59999985695,9
"52",1,3907.79999995232,16
"52",-1,2960.69999990464,17
"52",-1,2193.69999990464,8
"52",-2,1554.79999985694,13
"52",-2,1380.89999999999,2
"52",1,1501.99999995231,14
"52",-2,1194.49999995231,6
"57",-1,19633.1,13
"57",1,2847.69999995232,7
"57",2,1790.40000009537,17
"57",1,2039.10000009536,1
"57",2,1950.00000000001,8
"57",1,2168.50000009537,16
"57",-1,2857.79999995232,3
"57",-1,1399,15
"57",-1,1071.60000009536,10
"57",-1,1365.39999995231,6
"57",-1,2855.1,2
"57",-1,1165.00000009537,4
"57",-1,1215.30000014305,18
"57",1,1087.80000014305,5
"57",1,1596.00000014305,11
"57",-1,1780.89999995231,14
"57",1,1150.60000004769,9
"57",-1,1960.5,12
"57",-1,1114,19
"57",-2,2334.60000014305,21
"57",-2,1689.80000014305,20
"57",-1,1374.10000004768,7
"57",1,1023.30000014305,6
"57",2,1462.89999995232,15
"57",1,3413.2,2
"57",-1,1085.2,8
"57",-1,2049.69999995231,1
"57",-1,1303.60000000001,3
"57",1,1092.20000014306,13
"57",-1,3593.39999999999,16
"57",-1,626.899999952322,18
"57",-1,2305.10000004768,4
"57",-1,1180.39999999999,5
"57",-1,1493.8,10
"57",-1,6052.30000009536,17
"57",1,2585.20000014306,12
"57",1,1555.09999995232,14
"57",-1,1235.90000014305,11
"57",1,1698.60000014305,9
"59",1,19694.4,1
"59",2,1473.99999990463,7
"59",-1,1823.00000004768,11
"59",2,1086.59999985695,5
"59",-1,5395.50000004768,2
"59",1,2027.89999995231,6
"59",1,7635.29999995232,10
"59",2,1018.29999990463,8
"59",1,1097.59999985695,16
"59",-1,1230.19999985695,18
"59",-1,1901.09999985695,13
"59",1,1601.90000004768,17
"59",1,1089.80000004768,15
"59",-2,2734.4,14
"59",1,1233,4
"59",1,1423.69999995232,3
"59",1,1183.09999985695,9
"59",-1,2145.40000004768,12
"59",1,2827.89999999999,19
"59",2,1179.2,20
"59",-2,1724.49999985695,21
"59",2,1447.79999995232,11
"59",-2,1462.79999990463,5
"59",-1,1396.2,6
"59",-1,1093.60000004768,3
"59",-1,1041.99999985695,8
"59",-1,1544.8,18
"59",1,1411.19999995231,2
"59",1,4163.79999995232,13
"59",-2,3341.5,4
"59",2,1535.90000004768,12
"59",-2,1411.20000004768,7
"59",-1,1466.69999995231,16
"59",-1,2816.59999999999,17
"59",1,1489.10000000001,9
"59",-1,1693.59999985695,1
"59",-1,1586.39999985695,10
"59",-2,1299.09999985695,15
"59",2,2175.89999990464,14
"60",-1,13625.4000000954,7
"60",2,3696.40000009537,18
"60",-1,1933.10000009537,11
"60",1,2320.50000009537,16
"60",-1,2220.20000014305,3
"60",1,2053.19999995232,8
"60",2,2545.30000009537,6
"60",-1,3899.99999999999,13
"60",1,1488.8,5
"60",-2,2661.40000009537,2
"60",1,1347.30000004768,9
"60",1,1221.40000014305,15
"60",1,1316.6,4
"60",1,2537.50000009537,14
"60",2,1060.00000014305,17
"60",-1,1962.19999995232,1
"60",-1,1660.4,10
"60",1,4234.29999995232,12
"60",2,1041.00000009537,20
"60",-2,1135.70000009537,21
"60",-1,2306.30000004769,19
"60",1,2966.20000004768,3
"60",1,952.700000143057,5
"60",2,2066.49999995231,11
"60",-1,2672.49999995231,16
"60",1,1502,13
"60",-1,3386.10000000001,4
"60",-1,2530.30000009536,10
"60",1,2749.80000004769,12
"60",-1,4888.60000004768,15
"60",2,1285.2,2
"60",1,1457.80000009536,8
"60",1,1207.50000014305,9
"60",1,2824.30000009536,14
"60",-2,2927.40000014305,17
"60",-2,1490.89999995232,6
"60",-1,2687.70000009537,18
"60",1,1316.50000009537,7
"60",2,1176.50000009537,1
"68",1,17039.5999997139,5
"68",1,3764.9999997139,12
"68",2,1207.5999997139,10
"68",-1,2575.89999990463,2
"68",-1,2193.39999990464,1
"68",1,1737.6999997139,7
"68",-1,2436.6,4
"68",1,1803.19999961853,3
"68",-1,2563.49999990463,11
"68",1,1429.49999990463,9
"68",-2,1668.89999990464,16
"68",-2,2441.8999997139,13
"68",-1,5992.99999990463,17
"68",1,1929.29999990463,8
"68",2,1292.6999997139,6
"68",-1,1361.89999980926,18
"68",-2,1395.59999961853,14
"68",1,2027.89999999999,15
"68",-1,3419.8,19
"68",-2,1266.7,21
"68",2,1296.8999997139,20
"68",1,1133.20000000001,8
"68",-1,2265.2,6
"68",1,1319.2,17
"68",2,1514.69999990464,10
"68",-1,2166.3999997139,3
"68",1,2920.39999980926,14
"68",1,1075.29999980927,9
"68",2,2209.19999971389,16
"68",-2,2625.69999980927,5
"68",-2,1256.69999961853,18
"68",-1,1654.99999990463,7
"68",-1,1668.69999971389,12
"68",1,2338.0999997139,2
"68",2,1781.5,1
"68",1,2438.39999990464,11
"68",-2,1629.10000000001,4
"68",-2,1788.29999961852,15
"68",2,1316.7,13
"72",1,16140.4000002861,14
"72",-1,1894.9000002861,1
"72",1,3955.1000002861,4
"72",-1,3589.90000009537,12
"72",1,4573.9000002861,2
"72",1,2255.40000019073,9
"72",1,1245.50000019073,13
"72",-1,3196.60000019074,17
"72",-1,1941.1,10
"72",1,2439.8,3
"72",-1,1726.30000009537,6
"72",1,1873.90000038147,15
"72",2,1391.10000009536,5
"72",-1,1895.9,11
"72",2,1188.50000009537,8
"72",1,1149.00000028611,18
"72",2,4448.10000038147,7
"72",-1,4350.60000009536,16
"72",-1,1432.7,21
"72",2,1159.9000002861,20
"72",1,4730.30000038147,19
"72",-1,2397.2000002861,17
"72",-1,1094.00000019073,7
"72",-1,5787.1000002861,13
"72",-1,3899.7,2
"72",1,2024.1000002861,16
"72",1,966.500000000015,11
"72",-1,2378.00000028611,10
"72",1,5915.00000019073,14
"72",2,3287.0000002861,12
"72",1,1028,1
"72",-2,2235.20000009537,15
"72",-2,1506,4
"72",-2,1726.10000009536,18
"72",1,1633.29999999999,6
"72",1,1792.8,3
"72",-1,5777.5,9
"72",-2,1515.10000038147,5
"72",-2,1446.70000019073,8
"67",1,31496.600000143,7
"67",1,1516.7,2
"67",1,2208.90000009537,12
"67",1,2176.90000004768,6
"67",2,1514.20000019074,18
"67",2,1838.20000019074,3
"67",-1,1805.70000014305,17
"67",-2,1924.7,14
"67",-1,2272.30000019073,10
"67",-1,2110.40000009537,16
"67",2,1402.40000009537,5
"67",1,1761.70000004768,15
"67",1,1028.5,8
"67",-1,1227.20000004768,11
"67",1,1066.40000014305,1
"67",-2,1465.40000014305,4
"67",1,1375.60000019074,13
"67",1,1424.70000014306,9
"67",2,1055.90000009537,19
"67",2,886.000000095373,21
"67",2,682.500000190732,20
"67",-1,2607.30000004769,8
"67",-2,1415.30000004769,5
"67",-1,1310.90000019074,13
"67",-2,1668.90000014305,9
"67",-2,1153.40000019074,1
"67",-1,1042.90000009537,2
"67",-2,970.000000190732,15
"67",-2,827.700000143057,18
"67",-1,1139.20000004768,7
"67",1,1061.50000009537,14
"67",1,1411.30000014305,10
"67",-1,979.699999999997,6
"67",1,1589.10000014305,4
"67",-1,1661.60000009536,16
"67",1,1587.8,17
"67",1,1260.50000014305,11
"67",-2,6585.90000009537,12
"67",-1,1226.80000014305,3
"66",1,12332.5,18
"66",1,1950.1,10
"66",1,2113.30000004768,15
"66",1,1861.29999990463,12
"66",-1,1891.8,9
"66",1,1768.69999995232,6
"66",2,1410.00000004768,14
"66",-1,1458.49999990463,11
"66",-2,2736.00000004769,2
"66",1,1538.89999985695,13
"66",-2,1773.29999990463,1
"66",1,1222.99999985695,7
"66",-2,941.79999985695,4
"66",-1,1560.7,8
"66",1,2114.99999995231,17
"66",1,1478.90000004768,3
"66",-1,2340.30000004768,16
"66",2,999.29999990463,5
"66",2,1263.9,20
"66",-1,2877.69999995232,21
"66",2,1227.79999985695,19
"66",1,1187.29999990463,14
"66",1,2923.60000004769,4
"66",-1,1478.69999985695,12
"66",1,2467.49999985695,10
"66",-1,1953.19999990464,6
"66",-2,1323.29999995232,5
"66",2,1510.69999995231,1
"66",1,986.700000047684,3
"66",1,2971.39999995232,15
"66",-1,1365.59999990463,8
"66",1,1511.70000004768,16
"66",-2,2723.09999990463,18
"66",-2,1558.99999990463,7
"66",1,952.099999904633,13
"66",1,1178.59999990463,2
"66",1,1299.69999985695,17
"66",-1,2737.19999990464,11
"66",-1,2051.40000004768,9
"65",1,14463.3,12
"65",-1,3413.79999995232,15
"65",1,1941.29999980926,5
"65",1,2432.3,10
"65",-1,4607.09999990463,8
"65",-1,2095.39999980926,9
"65",1,1588.29999985695,7
"65",1,1077.5,1
"65",-2,1714.79999995232,13
"65",1,3806.59999980927,18
"65",-1,1870.09999990463,11
"65",1,1307.59999995232,4
"65",1,2839.19999995232,2
"65",-2,3102.39999995231,16
"65",1,2451.29999990463,3
"65",-1,2640.99999995231,17
"65",1,6431.8,6
"65",1,1783.3,14
"65",1,4016.60000000001,21
"65",-1,6360.89999980926,19
"65",-1,2290.99999980927,20
"65",1,4359.59999990463,16
"65",-1,1313.60000000001,5
"65",-2,3821.89999995232,18
"65",-1,2365.09999990463,3
"65",1,1543.39999995232,9
"65",-2,2857.89999990464,8
"65",-2,2880.69999985695,1
"65",-1,1596.99999985695,7
"65",1,1733.3,14
"65",-1,1497.39999980926,2
"65",2,2085.99999990463,17
"65",1,2147.29999980927,11
"65",-1,4358.19999985695,15
"65",-1,3287.39999999999,4
"65",-1,2700.20000000003,12
"65",-1,1224.79999999999,10
"65",-1,2271.89999995232,6
"65",-1,1525.5,13
"64",1,15288.6,11
"64",1,1773.20000004768,16
"64",-1,1590.19999985695,4
"64",2,1830.79999995232,13
"64",-2,2990.29999985695,14
"64",1,1566.7,18
"64",-1,3120.5,6
"64",1,1820.10000004768,1
"64",1,891.79999985695,7
"64",1,1248.39999985695,15
"64",2,1479.99999995231,8
"64",-1,2676.89999985695,3
"64",1,1473.79999995232,10
"64",-1,1311.89999990464,12
"64",-1,1555.29999985695,2
"64",-2,2405.4,17
"64",1,3637.29999985695,9
"64",2,1563.80000004768,5
"64",-2,2014.09999985695,21
"64",1,2534.09999985695,20
"64",1,1328.99999990463,19
"64",-1,1684.00000004769,7
"64",-1,1080.89999999999,18
"64",-1,1215.00000004769,13
"64",1,2374.39999985695,8
"64",1,983.000000047687,9
"64",1,1152.10000000001,2
"64",1,802.099999856946,17
"64",1,1018.89999995232,12
"64",-1,1098.5,3
"64",-1,1142.89999995232,10
"64",1,1345.69999995231,1
"64",-1,1876.79999995232,6
"64",-1,2593.79999995232,11
"64",-1,1322.49999985695,5
"64",-1,1061.69999995231,16
"64",-1,2499.70000004768,4
"64",-1,1352.59999985695,15
"64",1,1498.40000004768,14
"63",1,28975.6999999046,12
"63",1,4009.09999995232,10
"63",-1,3144.8,11
"63",1,3339.79999980926,13
"63",1,2277.59999985695,9
"63",-1,4139.79999980926,1
"63",2,6814.69999995232,6
"63",1,2870.49999990463,15
"63",-1,4979.9,14
"63",1,4973.49999980927,18
"63",-1,3406.7,17
"63",-1,8007.3,3
"63",-1,6663.09999980926,5
"63",2,5261.09999980926,4
"63",1,4059.29999995232,16
"63",-1,2449.79999980927,8
"63",-1,2799.3,7
"63",2,5392.69999990464,2
"63",-2,1689.19999995231,21
"63",1,4054.19999980927,20
"63",-2,1956.09999990463,19
"63",-2,4422.7,4
"63",1,6637.29999995232,10
"63",1,1915.99999980925,15
"63",1,1872.29999985694,9
"63",1,1829.70000000001,16
"63",1,1501.19999980927,3
"63",1,1529.39999995232,8
"63",-2,2340.49999990463,12
"63",1,4199.19999990464,5
"63",1,1670.69999980927,14
"63",-1,5877.5999999523,6
"63",1,1898.59999985696,11
"63",-2,2727.39999990462,2
"63",1,3922.89999990462,13
"63",1,2366.29999990464,17
"63",1,1560.29999990464,18
"63",1,1746.29999999999,7
"63",2,1445.19999995231,1
"55",1,23659.1999999523,12
"55",-1,5985.19999985695,18
"55",-2,4562,14
"55",-1,3947.79999995232,13
"55",1,6758.50000004769,2
"55",-1,5944.69999995232,10
"55",-1,7531.79999990463,15
"55",-2,2958.80000004769,16
"55",-1,4737.29999990463,5
"55",1,2899.89999990464,3
"55",1,7040.19999990464,1
"55",1,7391.3,7
"55",-2,5951.89999995232,17
"55",-1,1929.90000004768,11
"55",2,2837.60000000001,6
"55",-1,3844.3,8
"55",1,2474.99999985695,4
"55",-1,7920.29999985694,9
"55",1,5379.69999995231,19
"55",-2,4293.50000004769,21
"55",-1,6025.70000004768,20
"55",2,4049.10000004768,10
"55",1,1848.09999985696,7
"55",-2,3430.79999999999,4
"55",1,3766.50000004767,5
"55",1,1728.19999985694,18
"55",2,2531.29999990464,13
"55",-1,5175.30000004769,2
"55",2,2832.89999985695,15
"55",1,1383.29999999996,11
"55",-1,5465.20000000001,12
"55",-1,1590.50000004767,6
"55",1,1183.10000000001,8
"55",2,2297.00000004767,1
"55",-1,1733.30000000002,14
"55",1,3065.69999995231,16
"55",1,1358.70000004768,9
"55",1,3199.99999999997,17
"55",-1,3226.09999985696,3
"53",-1,28924.7999999523,1
"53",-1,3183.2,9
"53",2,3225.50000009537,4
"53",-2,5856.50000014305,8
"53",1,10022.7999999523,6
"53",2,1901.79999995232,3
"53",1,2474.20000014305,14
"53",1,1774.80000009537,10
"53",1,2312.30000014305,11
"53",-2,3269.00000004769,16
"53",2,1690.30000014305,18
"53",-2,2703.00000014305,5
"53",-1,5707.50000014305,17
"53",1,1447.10000000001,13
"53",1,3300.99999995231,12
"53",-2,4426.09999995232,7
"53",-1,1681.10000009536,15
"53",-1,7278.60000014305,2
"53",2,3092.20000004768,21
"53",-2,2576.99999995231,20
"53",-1,3946.30000004769,19
"53",-1,1820.20000009537,18
"53",1,2140.59999995232,2
"53",2,2695.10000004768,1
"53",1,3420.00000009537,9
"53",-1,9963.40000009537,3
"53",1,2829.39999995232,8
"53",2,2076.70000004768,7
"53",-2,2234.10000014305,4
"53",2,1584.90000009537,5
"53",1,1977.40000014304,16
"53",-1,14883.1,6
"53",1,4952.49999995233,12
"53",1,4898.70000009536,11
"53",-1,2439.40000009537,15
"53",1,2005.90000014304,14
"53",-1,5542.29999999999,17
"53",-1,1063.79999995232,13
"53",-1,982,10
"33",1,28148.699999857,4
"33",1,3135.19999995232,7
"33",2,2049.69999990463,15
"33",2,1152.59999995232,11
"33",1,2090.3,6
"33",1,1310.59999990463,16
"33",2,1243.20000004768,2
"33",1,2185.90000004768,5
"33",1,1394.29999985695,8
"33",1,2651.49999995231,12
"33",1,2129.1,1
"33",1,2340.89999985695,18
"33",1,2575.49999995231,3
"33",-1,1440.69999990463,14
"33",-1,2471.49999995231,17
"33",2,1268.49999995231,10
"33",-1,3433.89999985695,9
"33",-1,2000.79999985694,13
"33",2,2312.7,21
"33",2,2724.99999990463,20
"33",1,1720.49999995231,19
"33",-1,3035.69999990464,7
"33",-2,1594.59999995232,18
"33",-1,3035.09999990463,6
"33",-2,1257.79999990463,11
"33",-1,1431.79999990463,3
"33",-1,2246.29999995232,12
"33",1,1414.29999990463,9
"33",1,1869.8,8
"33",1,1714.59999985695,14
"33",-1,2711.3,10
"33",-1,3187.59999985695,5
"33",-1,1643.89999985695,16
"33",-2,1314.79999990463,2
"33",-2,1086.89999995232,4
"33",-1,1867.29999985694,1
"33",-2,1384.79999990463,15
"33",2,1538,17
"33",2,1724.39999995232,13
"32",1,14439.7000000477,8
"32",1,2158.10000004769,10
"32",1,1928.00000014305,5
"32",-1,1427.10000019073,11
"32",2,1746.30000004768,9
"32",-2,1293.3,1
"32",1,1353.70000004768,18
"32",-1,3964,7
"32",1,1277.80000004768,4
"32",1,1107.50000009537,15
"32",-2,3495.30000019073,16
"32",1,1756.00000019073,13
"32",-1,3518.2,2
"32",-1,1601.6,14
"32",2,3081.7,6
"32",-1,1446.80000019073,3
"32",-1,1325.7,17
"32",-1,4576.6,12
"32",1,2074.70000004768,21
"32",-2,2175.80000009536,19
"32",1,1241.20000009537,20
"32",1,2439.89999999999,2
"32",2,1191.40000004768,1
"32",1,1391.3,16
"32",2,1144.40000009537,13
"32",-1,3074.50000009537,4
"32",-1,5816.10000000001,5
"32",1,1344.10000009536,11
"32",1,1274.80000009536,3
"32",-1,5056.00000019073,15
"32",-1,1790.50000004769,17
"32",1,2183,8
"32",1,1248.20000019073,14
"32",-1,1550.80000019073,18
"32",1,2552.90000004768,7
"32",-1,1659.30000014305,9
"32",-1,2057.00000019073,6
"32",-1,3007.10000009536,12
"32",-1,1279.00000019073,10
"28",-2,15490.0999999523,3
"28",2,2686.89999995231,5
"28",1,1490.69999995232,16
"28",2,1783.5,13
"28",-1,1648.9,9
"28",-1,2351.79999992847,15
"28",-2,1937.39999995231,6
"28",1,1245.00000002384,7
"28",1,2555.1,2
"28",-2,1292.89999995231,1
"28",-2,929.699999976161,10
"28",1,1357.2,17
"28",-1,1911.90000002384,12
"28",-1,1331.69999997616,11
"28",1,1518.39999997616,14
"28",-1,3178.10000002384,8
"28",-2,1315.40000002384,18
"28",1,1551.29999997616,4
"28",-1,1689.60000002384,21
"28",1,1294.1,19
"28",-2,1138.7,20
"28",-2,2229.29999995232,7
"28",-1,2805.49999992848,16
"28",1,3476.69999997616,1
"28",-1,2018.09999997616,2
"28",-1,1993.39999995232,17
"28",-1,1538.19999995231,14
"28",-2,1756.79999992848,5
"28",1,1478.79999992848,12
"28",-2,1308.29999997615,13
"28",-2,2464.19999995231,4
"28",1,2766.5,10
"28",-2,2176.5,8
"28",1,1369.69999995231,9
"28",1,1011.90000002384,18
"28",1,4107.40000002384,6
"28",1,1302.90000002384,11
"28",1,979.999999928477,15
"28",2,1452.7,3
"22",-1,18026.5,17
"22",1,7265.39999995231,15
"22",1,1622.99999995231,8
"22",1,7550.79999995232,1
"22",2,3048.6,3
"22",-1,2359.59999992848,10
"22",1,7657.5,12
"22",-1,5839.5,2
"22",-2,1766.19999997616,16
"22",-2,1928.49999992848,11
"22",1,2763.79999990463,13
"22",1,1557.59999995232,6
"22",1,3679.8,5
"22",2,1949.29999990463,4
"22",-2,2719.49999992848,14
"22",-2,1555.2,18
"22",2,3461.19999997616,7
"22",1,2147.49999992848,9
"22",-1,4181.79999995232,19
"22",-1,1799.29999997615,21
"22",1,1800,20
"22",2,1272.99999990463,14
"22",1,3134.39999992847,6
"22",-2,2361,3
"22",-1,4283.09999990463,15
"22",1,5456.3,2
"22",2,1726.39999999999,18
"22",-1,2617.99999992848,12
"22",-1,1705.29999990463,8
"22",1,1460.79999992848,11
"22",-1,2611.29999990463,7
"22",2,1235.3,17
"22",-2,4226.09999990463,4
"22",1,2329.29999999999,13
"22",1,1228.49999995233,10
"22",-1,1860,1
"22",-1,4546.10000000001,16
"22",-1,1340.89999990462,5
"22",1,2623.79999992848,9
"21",-1,21427.5000000954,13
"21",1,2002.10000009537,3
"21",1,978.299999999999,17
"21",-1,1915.50000009537,11
"21",1,1288.30000004768,15
"21",-1,1324.30000009537,10
"21",1,1103.50000007152,14
"21",1,1059.80000002384,12
"21",1,1681.50000007152,9
"21",-1,1263.70000004768,18
"21",-1,1965.1,6
"21",2,2207.2,5
"21",1,943.20000002384,2
"21",1,1057.60000002384,4
"21",2,2127.50000002384,16
"21",2,811.400000047681,8
"21",1,1131.00000007152,7
"21",1,670.500000071523,1
"21",-1,2507.20000004768,19
"21",2,1119.70000002384,20
"21",-1,1955.10000004768,21
"21",1,1029.50000002384,12
"21",1,659.900000047681,17
"21",-1,1362.40000002384,14
"21",1,980.400000023845,4
"21",1,1509.50000007152,11
"21",1,1530.10000009536,9
"21",1,1020.70000002385,10
"21",1,692.000000023836,16
"21",-1,1073.40000007153,3
"21",1,1254.90000009537,7
"21",1,2189.30000004769,6
"21",1,972.600000095364,18
"21",1,806,15
"21",1,782.200000047684,1
"21",1,711.500000023836,13
"21",1,1179.80000007153,5
"21",1,684.900000047681,8
"21",2,1570.10000004768,2
"7",-1,11699.7,9
"7",-2,1981.39999999106,10
"7",-1,2591.19999999702,17
"7",2,1815.49999999106,6
"7",1,4983.3,4
"7",-2,1392.69999999404,8
"7",-1,1537.50000000298,11
"7",1,1396.60000000298,5
"7",-1,2829.1,7
"7",1,1204.5,14
"7",-1,2716.29999999702,1
"7",1,1392.6,15
"7",1,3233.19999999702,2
"7",1,1256.49999999702,13
"7",1,1038.09999999106,12
"7",-1,2261.19999999106,3
"7",-1,1338.99999999404,16
"7",-1,1757.89999999702,18
"7",1,1495.49999999106,21
"7",1,2316.50000000001,20
"7",1,1496.69999999701,19
"7",1,1197.39999999703,15
"7",1,1246.19999999106,1
"7",-1,1261.20000000298,4
"7",1,1066.7,9
"7",2,2033.20000000298,8
"7",-1,1392.19999999106,6
"7",1,936.59999999404,18
"7",1,1243.40000000298,3
"7",-1,1898.20000000298,5
"7",1,5704.956,17
"7",1,51764.400000003,7
"7",1,2437.9,16
"7",1,1012.80000000298,10
"7",-1,1444.7,12
"7",1,1163.60000000297,11
"7",1,901.099999997023,13
"7",1,1857.80000000595,14
"7",-1,2847.49999999403,2
"4",1,4897.20000000298,4
"4",1,1231.80000000894,15
"4",-1,1190.70000000298,8
"4",-1,1327.60000001192,16
"4",-1,1098.70000000894,11
"4",-1,6759.50000001192,18
"4",1,4545.60000000894,5
"4",2,1484.40000000298,6
"4",-1,2656.9,3
"4",1,1663.30000000596,14
"4",1,973.100000002982,13
"4",-1,5142.70000001192,1
"4",-1,2833.3,7
"4",-1,1392.30000000596,10
"4",1,2480.70000000298,9
"4",2,1302.6,12
"4",1,2690.70000000298,2
"4",1,2559.7,17
"4",2,1289.30000000894,20
"4",1,4894.20000001192,21
"4",1,5155.10000000596,19
"4",1,1620.7,18
"4",-1,2388.00000000597,5
"4",-2,1741.00000000893,12
"4",1,1239.80000001192,9
"4",-1,2054.60000000596,6
"4",1,1620.60000001192,11
"4",1,1659.00000000597,15
"4",2,1041.80000000894,10
"4",1,1472.50000000298,13
"4",1,1782.10000000596,16
"4",-1,4583.40000000002,14
"4",1,976.800000011921,1
"4",-1,1233.20000000001,2
"4",1,1202.10000000596,3
"4",1,2361.2,7
"4",2,1803.30000000894,8
"4",-1,2859.90000000894,4
"4",-1,5193.50000001192,17
"3",-1,10830.2999999911,16
"3",1,2603.99999999404,6
"3",1,1116.29999999702,10
"3",1,2335.59999999404,2
"3",-1,1242.90000000298,12
"3",-1,1352.60000000298,3
"3",-1,1979.69999999702,9
"3",1,1093.19999999702,18
"3",-1,10169.800000003,17
"3",1,1139.89999999106,15
"3",1,1077.69999999404,7
"3",1,570.300000002979,1
"3",1,836.600000002982,8
"3",1,2379.30000000298,4
"3",1,1084.29999999106,5
"3",-1,1185.49999999106,13
"3",-2,1465.89999999404,14
"3",1,1967.69999999106,11
"3",2,1873.29999999404,21
"3",-1,1870.49999999106,19
"3",2,1124.19999999702,20
"3",-1,1511.29999999106,8
"3",-1,1003.19999999106,2
"3",1,1555.60000000297,1
"3",-1,1621.39999999404,10
"3",1,1028.79999999404,17
"3",-1,1604.30000000299,14
"3",-1,1644.19999999405,5
"3",-1,1186.50000000298,16
"3",-1,1027.29999999702,7
"3",-2,1666.79999999999,15
"3",-1,1081.10000000297,18
"3",1,1518.49999999702,13
"3",-1,977.600000000006,3
"3",-1,1370.69999999701,11
"3",-2,1636.00000000298,6
"3",-1,1042.70000000298,4
"3",1,1537.40000000298,9
"3",1,988.399999999994,12
"49",2,24650.9000000002,18
"49",2,1373.5999999999,11
"49",2,1186.50000000009,13
"49",1,3592.90000000018,3
"49",1,2113.80000000018,5
"49",1,1738.40000000018,17
"49",-1,3337.20000000019,1
"49",1,1862.00000000028,14
"49",1,4456.90000000028,16
"49",2,1358.89999999991,15
"49",-1,2534.50000000009,6
"49",-1,2164.60000000009,7
"49",2,1017.89999999999,4
"49",2,1928.7999999999,8
"49",-1,2991.60000000001,2
"49",-1,3443.49999999991,9
"49",2,4323.39999999999,12
"49",2,926.700000000274,10
"49",2,768.099999999991,20
"49",1,2056.10000000018,21
"49",-1,2866.19999999991,19
"49",-1,3130.49999999991,17
"49",-1,1792.60000000009,15
"49",-2,6125.70000000027,4
"49",-1,2735.10000000009,16
"49",1,5092.00000000019,14
"49",-1,6088.8,6
"49",-2,1747.5,10
"49",2,1602.10000000028,9
"49",1,1758.89999999991,7
"49",-1,3414.7000000001,5
"49",-1,1575.50000000019,13
"49",-1,7528.60000000001,2
"49",1,7803.89999999999,1
"49",1,3129.10000000027,8
"49",-1,2583.00000000017,3
"49",1,1660.6999999999,12
"49",-2,1655.50000000029,18
"49",-2,617.399999999994,11
"51",1,20224.6000000477,17
"51",2,1455.60000014305,1
"51",1,1981.5,5
"51",1,2749.9,6
"51",1,1529.40000009537,12
"51",-1,1541.20000004768,16
"51",2,1247.50000009537,18
"51",2,902.000000047687,10
"51",2,1433.20000000001,15
"51",2,672.900000047681,4
"51",1,2279.1,13
"51",2,1620.60000004769,11
"51",-2,1723.80000009537,14
"51",2,1263.1,7
"51",1,1485.1,8
"51",-1,3994.10000004769,9
"51",2,2170.30000004768,2
"51",2,1002.90000014305,3
"51",2,3635.10000004769,20
"51",1,2266.7,21
"51",-1,2496.30000004769,19
"51",-2,1501.50000014305,4
"51",-1,1769.00000014305,2
"51",2,1178.50000004769,14
"51",-1,1796.00000009537,1
"51",-1,10661.6000001907,6
"51",1,1363.10000014305,8
"51",-1,1500.90000009537,3
"51",2,1392.70000004768,10
"51",1,1849.50000019073,12
"51",-2,1568.20000019073,11
"51",1,4689.90000014305,5
"51",1,2838.5,7
"51",2,1444.80000004769,17
"51",-2,1195.70000019073,18
"51",2,4604.30000004769,9
"51",-2,1212.40000004768,15
"51",1,3820.50000019073,13
"51",1,1747.70000014306,16
"48",1,13632.0000001907,15
"48",-1,3422.90000014305,5
"48",2,1333.3,11
"48",2,1097.80000004768,3
"48",1,1382.40000019073,13
"48",-2,1023.60000014305,14
"48",2,1023.20000019074,10
"48",2,2070.20000014305,17
"48",-1,1707.50000009537,7
"48",-1,1999.7,8
"48",-2,1624.3,4
"48",2,1032.50000009537,2
"48",-2,1039.10000014305,16
"48",2,861.800000143048,18
"48",-1,1787.7,1
"48",-2,868.300000190735,9
"48",-1,2689.80000009537,12
"48",-1,2558.50000009537,6
"48",2,960.300000047682,20
"48",-2,1202.30000004768,19
"48",-2,1187.00000009537,21
"48",1,3075.3,8
"48",2,1160.50000019073,7
"48",-2,3834.80000004769,17
"48",1,1481.5,1
"48",-2,1118.60000009536,18
"48",-2,1058.40000004768,2
"48",-2,1120.00000019073,3
"48",-1,2028.10000014305,13
"48",1,2330.80000009536,12
"48",1,1326.50000004769,6
"48",-2,1225.50000009537,10
"48",1,1225.20000019073,9
"48",-1,2824.20000009537,4
"48",-1,2815.60000009536,15
"48",-2,1464.60000009536,16
"48",-1,2158.00000004769,5
"48",1,1647.70000009537,14
"48",-2,878.399999999994,11
"47",-1,19764.200000143,9
"47",1,3854.40000014305,14
"47",-2,4260.20000019074,17
"47",1,2674.40000009537,11
"47",1,3527.60000004769,10
"47",2,5691.00000019073,15
"47",1,2855.60000014305,4
"47",1,2692.90000019073,12
"47",2,4370.20000009537,6
"47",-1,5540,7
"47",1,1582.60000004768,13
"47",1,3207.80000014305,3
"47",1,6592.70000009537,16
"47",2,2041.20000004768,2
"47",-2,7880.60000009536,8
"47",1,2205.30000014305,18
"47",-1,2813.40000004768,1
"47",2,7109.7,5
"47",-2,1769.50000004769,21
"47",-1,10811.2,19
"47",1,2939.10000019074,20
"47",-2,2477.70000014306,6
"47",-2,1515.40000009537,18
"47",-2,1110.60000014305,15
"47",-2,3962.70000004768,11
"47",-1,3589.40000009537,3
"47",-2,2926.10000019072,2
"47",-1,4409.9000000477,16
"47",-1,7561.60000009538,13
"47",1,1587.60000019072,8
"47",1,3796.60000014305,7
"47",-1,2716.70000000001,12
"47",-1,1873.39999999999,5
"47",1,2526.60000009538,1
"47",1,4034.10000004768,9
"47",-1,4312.4000000477,14
"47",1,1948.50000014305,17
"47",1,8087.40000009537,10
"47",-2,4012.20000019073,4
"46",1,4258.10000014305,7
"46",1,3574.39999995231,9
"46",1,4447.79999995232,16
"46",1,1118.7,17
"46",1,4786.50000009537,8
"46",1,1042.50000004769,4
"46",-1,2786,2
"46",-1,1546.20000009537,1
"46",1,1733.30000009537,12
"46",2,2289.09999995232,18
"46",-1,1933.3,3
"46",1,1976.8,11
"46",2,1274.49999995231,10
"46",2,1095.5,5
"46",1,2803.80000014305,14
"46",-1,2428.20000009537,13
"46",1,1179.50000009537,6
"46",2,1406,15
"46",2,1412,21
"46",2,780.299999952316,20
"46",2,965.600000047678,19
"46",1,1864.10000004768,13
"46",-2,1206.19999995231,18
"46",-2,1157.70000004768,5
"46",1,1960.60000014305,6
"46",1,1170.70000004768,3
"46",-1,1835.89999999999,16
"46",-1,1449.79999995232,7
"46",2,1809.10000009536,17
"46",1,1033.09999995232,9
"46",2,1024.80000004769,14
"46",1,1231.79999995232,12
"46",1,1191.30000009536,1
"46",2,1471.80000004769,2
"46",-2,1493.10000004768,15
"46",-2,1369.30000004769,10
"46",-1,1283.39999999999,11
"46",-1,1295.69999995231,8
"46",-1,2708.60000014305,4
"45",1,3553.50000004768,4
"45",2,2802.70000009537,1
"45",1,1251.00000004768,8
"45",1,1720.10000019073,7
"45",1,859.400000047684,5
"45",-2,1514.40000014305,18
"45",-1,1214.10000009537,16
"45",1,3022.10000019073,12
"45",1,805.000000095366,10
"45",1,636.800000047682,15
"45",-1,1692.3,13
"45",-1,824.400000095367,9
"45",-1,767.5,11
"45",1,1217.7,2
"45",-1,1008.80000019073,17
"45",-1,3089.00000009537,3
"45",1,869.70000009537,6
"45",-1,1011.50000009537,14
"45",-1,1163.30000014305,19
"45",-1,1165.20000009537,21
"45",1,935.100000095364,20
"45",-1,962.000000143053,18
"45",1,1091.70000019074,14
"45",1,663.70000014305,8
"45",1,757.800000047682,13
"45",1,1576.70000014305,16
"45",-1,1433.2,5
"45",-1,905.5,12
"45",-1,893.300000000003,6
"45",1,874.20000014305,17
"45",-1,815.300000000003,15
"45",-1,1359.40000014305,2
"45",-1,929.100000047685,4
"45",1,868.800000143048,7
"45",1,1218.20000014306,10
"45",1,721.900000095367,11
"45",1,852.70000009537,1
"45",1,914.000000047687,9
"45",1,1543.00000014305,3
"44",-1,25299.7,2
"44",1,3583.20000000001,6
"44",1,1185.1,13
"44",1,1584.99999990463,18
"44",-2,2242.89999995231,1
"44",-1,2393.19999985695,3
"44",1,1377.59999980927,10
"44",-1,1898.99999980927,9
"44",-1,1327.09999990463,16
"44",-1,914.400000000002,8
"44",1,2127.19999995232,17
"44",-2,1434.59999995232,7
"44",1,1585,15
"44",1,2993.39999980926,4
"44",-1,1546.79999985695,5
"44",1,1485.29999995232,14
"44",-2,1945.99999980927,11
"44",1,1844.69999980926,12
"44",-1,1403.39999980926,21
"44",1,2027.2,19
"44",1,1443.09999990463,20
"44",-1,2721.59999985695,4
"44",-1,2692.89999995232,16
"44",-1,2281.89999999999,12
"44",1,1431.2,18
"44",1,1078.5,7
"44",1,1163.19999980927,13
"44",1,892.899999999994,3
"44",1,2033.3,2
"44",1,1089,10
"44",1,1293.8,1
"44",-1,1443.49999990463,6
"44",1,2321.89999985695,14
"44",1,2604.49999990463,9
"44",1,1284.69999990464,15
"44",2,1385.99999995231,8
"44",1,3466.60000000002,5
"44",2,1560.69999995231,11
"44",-1,1394.79999985694,17
"43",-2,8827.39999990463,4
"43",1,2306.09999995232,9
"43",-1,1558.19999985695,2
"43",-1,1583.3,3
"43",-1,1849.9,18
"43",-1,1255.69999995232,11
"43",-2,1638.29999985695,13
"43",1,2148.89999995231,17
"43",1,1511.8,14
"43",-1,1331.50000004769,1
"43",2,3119.09999985695,6
"43",1,1490.6,16
"43",1,1070.2,15
"43",-2,3364.49999985695,10
"43",1,2078.40000004768,5
"43",-1,2348.09999990463,12
"43",-1,2230.7,7
"43",1,1445.80000004768,8
"43",1,3412.50000004769,21
"43",1,3236.19999995232,19
"43",2,1571.39999995231,20
"43",1,4324.69999995232,3
"43",1,3960.50000004769,4
"43",-2,3066.39999999999,16
"43",-2,167.399999856949,14
"43",2,8993.59999995232,13
"43",1,2834.80000004769,11
"43",-1,1945.19999985695,9
"43",-1,4171.89999985695,6
"43",-1,6925.10000004768,17
"43",1,2448.79999985694,12
"43",1,2287.5,2
"43",1,1580.2,18
"43",-1,1901.49999985695,5
"43",-1,4009.60000000001,8
"43",1,1553.39999990464,10
"43",1,1042.7,1
"43",1,954.5,15
"43",1,2324.39999999999,7
"42",-1,25338.3,16
"42",-1,2748.60000019074,11
"42",1,2151.10000014305,18
"42",1,4144.70000014305,12
"42",1,1043.10000019074,2
"42",1,2801.90000009537,8
"42",1,1281.90000019073,7
"42",-1,2464.10000004769,1
"42",1,2166.30000019073,14
"42",-1,3240,5
"42",-1,2038.8,4
"42",-1,2180.90000019073,10
"42",-2,3543.3,9
"42",1,1465.5,13
"42",1,1790.80000019073,6
"42",1,1663.60000019074,3
"42",-1,3854.40000004768,15
"42",2,2524.30000009536,17
"42",1,1335.90000004768,20
"42",-1,2258.39999999999,19
"42",2,2376.70000004768,21
"42",1,1890.20000019073,15
"42",1,1533.20000000001,14
"42",1,1345.20000009537,11
"42",-1,3380.80000004769,3
"42",1,3430.10000004768,16
"42",1,2460.70000009537,10
"42",1,4434.80000009536,6
"42",1,6473.70000014306,9
"42",1,4255.50000009537,12
"42",1,1101.90000019074,1
"42",-1,1425.80000004769,18
"42",1,2705.10000014305,7
"42",1,2980.40000019074,13
"42",-1,1262.70000019073,8
"42",-1,1027.60000004768,17
"42",-1,4923.40000014304,4
"42",1,2807.30000014306,5
"42",-1,3623.4000000477,2
"41",-1,40161.5,6
"41",1,4291,9
"41",-1,2463.59999985695,18
"41",-2,2557.89999990464,1
"41",2,1767.8,13
"41",1,2265.09999985695,14
"41",-1,3847.59999995232,11
"41",2,1382.39999985695,5
"41",-1,9815.69999985695,2
"41",-2,1263.49999985695,10
"41",-1,1797.39999985695,15
"41",-1,2245.49999980927,16
"41",-1,1228.09999990463,12
"41",-1,2212.29999990463,4
"41",1,1908.3,7
"41",1,2359.49999980927,3
"41",1,1633.49999990463,8
"41",1,2568.99999995231,17
"41",2,1771.09999985695,20
"41",1,2188.5,21
"41",1,4172.39999980926,19
"41",2,1694.69999980927,11
"41",1,2051.59999995232,15
"41",1,3064.59999980926,1
"41",1,12743.8,18
"41",1,1993.5999999523,6
"41",-1,3026.69999995231,3
"41",-1,7337.79999985694,9
"41",-1,4116.29999980927,5
"41",1,1577.09999985696,12
"41",-2,1714.29999995232,13
"41",1,1694.5,2
"41",-1,5027.29999990464,17
"41",-2,2218.99999995233,7
"41",1,1818.39999985695,10
"41",1,1824.49999990463,16
"41",-1,3056.60000000001,4
"41",-1,3566.5,8
"41",-1,1944.5,14
"40",1,19512.4999999046,4
"40",-1,2131.99999995232,16
"40",-2,1375.29999980926,13
"40",1,1752.89999985695,2
"40",1,1154.69999995232,8
"40",-1,1180.79999995232,11
"40",-1,4597.49999990463,5
"40",-2,1750.69999980927,17
"40",-1,1552.79999980926,9
"40",-2,1298.79999980926,10
"40",-1,2455.49999980927,1
"40",-1,1861.69999995232,3
"40",1,1227.69999995232,6
"40",-1,2219.09999995232,14
"40",-1,1954.29999980926,7
"40",1,1084.2,12
"40",1,2849.49999990463,18
"40",1,1399.89999985695,15
"40",-1,2976.29999990463,21
"40",-1,2226.19999990464,19
"40",-1,3225.39999995232,20
"40",-2,1768.79999995232,4
"40",1,1193.99999980927,5
"40",2,1018.59999990463,13
"40",-1,5010.49999990463,6
"40",1,1169.99999990463,9
"40",1,4044.29999990463,16
"40",1,1242.19999990464,11
"40",-2,1209.2,2
"40",-1,4041.09999995232,3
"40",2,1751.89999999999,7
"40",1,5977.89999999999,1
"40",1,1347.19999985695,14
"40",-1,1534.39999995232,15
"40",-1,999.800000000003,18
"40",1,1297.49999985695,17
"40",1,1165.79999980927,8
"40",1,975.899999952322,10
"40",-1,3185.69999990464,12
"39",-1,29564.1999999046,2
"39",2,1669.99999985695,3
"39",1,2355.49999990463,4
"39",-1,3877.29999985695,6
"39",-2,1322.9,17
"39",2,1918.1,8
"39",-2,2657.30000004768,12
"39",2,2031.49999985695,15
"39",2,1710.89999985695,18
"39",-1,1491,14
"39",1,2983,16
"39",2,1440.70000004768,9
"39",2,822.499999952313,11
"39",2,2093.89999985695,5
"39",2,994.79999990463,7
"39",1,2364.19999995231,1
"39",2,1141.99999990463,13
"39",1,3232.99999995231,10
"39",1,2152.39999985695,20
"39",1,3474.10000000001,19
"39",-1,2287.60000004768,21
"39",-1,1628.60000000001,2
"39",-1,4867.89999985695,10
"39",1,1105.5,9
"39",-1,3029.29999985694,7
"39",2,1404.79999985694,12
"39",2,940.799999856943,17
"39",-2,1535.39999985695,15
"39",-2,913.400000047681,18
"39",-2,981.29999990463,13
"39",-2,4279.39999995232,16
"39",-2,7572.79999985694,11
"39",1,4838.09999995232,14
"39",-1,2725.09999985695,8
"39",-1,1416.49999999999,4
"39",1,2025.19999990464,1
"39",-2,1223.60000004768,3
"39",-2,990.200000000012,5
"39",1,1495.69999995231,6
"37",-1,20360.7000000477,16
"37",2,1185.90000004768,8
"37",2,938.700000190736,5
"37",1,1485.5,4
"37",-1,4682.30000014305,12
"37",2,951.70000014305,9
"37",2,960.70000014305,6
"37",1,2251.50000009537,14
"37",1,2592.80000014305,18
"37",2,946.300000095369,7
"37",1,1597.40000004768,10
"37",-1,2285.40000004768,13
"37",1,1730.30000019073,11
"37",2,853.600000190738,15
"37",2,3402.90000014305,1
"37",1,2067.8,3
"37",-2,4857.3,17
"37",2,3311.60000004768,2
"37",2,682.600000047678,20
"37",2,799.900000143054,19
"37",1,1625.30000009536,21
"37",1,1464.60000009536,10
"37",-2,1094.70000009537,8
"37",-2,1099.39999999999,6
"37",-2,1432.00000019073,7
"37",1,2359.30000019073,12
"37",-2,2897.5,18
"37",1,2293.90000014305,16
"37",-1,1122.80000009536,15
"37",-2,1078.50000004769,5
"37",2,1219.60000009536,13
"37",1,2266.49999999998,11
"37",2,1152.60000014305,14
"37",1,4650,1
"37",-2,1225.50000014305,2
"37",-1,3712.40000004768,3
"37",1,1245.10000009536,9
"37",1,1619.80000019073,17
"37",-2,1163.00000019073,4
"36",2,15570.8000001907,1
"36",1,1187.90000019073,11
"36",1,1068.30000014305,5
"36",1,985.700000047684,8
"36",-1,1306.3,12
"36",2,1342.40000014305,6
"36",1,856.900000095367,7
"36",1,718.300000095369,2
"36",1,601.400000143054,10
"36",1,1497.60000019074,15
"36",-1,1358.90000009537,4
"36",1,993.100000095364,3
"36",1,1978.00000004769,16
"36",-1,1003.00000009537,13
"36",-1,1115.7,18
"36",-1,1519.10000009536,9
"36",-2,1938.50000009537,14
"36",-1,829.400000047681,17
"36",1,940.599999999998,21
"36",1,1831.30000014305,19
"36",1,662.100000095365,20
"36",1,708.000000190732,14
"36",-1,1272.90000004768,18
"36",-1,974,5
"36",-1,975.000000047687,3
"36",-1,792.699999999997,10
"36",-1,665.200000190736,11
"36",-1,1719.10000019074,12
"36",2,1603.40000014305,13
"36",-1,938.20000009537,6
"36",1,669.300000190735,9
"36",-1,978.600000047678,4
"36",1,699.400000047681,17
"36",-1,808.700000047684,16
"36",-1,1128.70000004768,15
"36",-1,868.000000047687,1
"36",-1,666.500000000015,2
"36",-1,879.400000190741,8
"36",-1,1548.80000019073,7
"35",1,12349.1999999523,12
"35",-1,9671.50000009537,17
"35",1,2132.40000004768,18
"35",2,1311.69999990463,5
"35",1,1427.5,10
"35",-1,5411.29999995232,11
"35",1,2691.40000009537,13
"35",1,2806.70000009537,14
"35",-1,9976.29999990463,2
"35",1,1553.10000009536,6
"35",2,2171.2,7
"35",-1,21597.3999999523,3
"35",-1,3693.10000000001,16
"35",1,1298.49999995231,15
"35",1,3975.29999995232,8
"35",1,1944.19999995231,1
"35",-1,5963.30000004769,9
"35",1,3741.19999990464,4
"35",1,7552.09999990463,19
"35",2,1098.00000009537,20
"35",1,3231.09999995232,21
"35",1,6173.99999995231,12
"35",-1,2495.69999990464,7
"35",-1,6676.79999999999,15
"35",-2,7345.79999990464,4
"35",1,4316.70000000001,1
"35",1,2432.80000004769,17
"35",1,1375.99999990463,3
"35",-2,2089.29999999999,5
"35",1,3422.40000009537,16
"35",-1,2197.80000009536,8
"35",1,2781.59999990463,9
"35",1,1623.39999999999,14
"35",-1,2415.50000004767,6
"35",1,3966.5,2
"35",1,1193.40000009537,10
"35",1,1265.9000000477,11
"35",-1,5088.10000000001,18
"35",-1,4899.89999999997,13
"31",2,13371.2000000477,8
"31",1,2716.20000002384,12
"31",1,2409.1,1
"31",1,1368.49999997616,3
"31",-2,1482.89999997616,10
"31",-2,1775.19999997616,18
"31",1,1544.30000002384,7
"31",1,1234.10000004769,15
"31",2,2129.80000007153,5
"31",1,2437,14
"31",1,1036.00000007152,17
"31",-1,3386.29999997616,16
"31",1,923.200000047684,2
"31",1,814.800000071526,6
"31",-2,1902.39999997616,9
"31",-2,1306.29999997616,11
"31",1,1174.6,13
"31",2,1111.8,4
"31",-2,1963.9,19
"31",2,1181.79999997616,20
"31",-2,1087.19999997616,21
"31",1,2076.00000002384,18
"31",1,3105.50000004769,17
"31",1,845.399999999994,11
"31",1,2163.20000004768,9
"31",2,3518.30000004769,16
"31",-2,1465.60000002384,4
"31",-2,1158.80000007153,6
"31",-2,848.800000071526,2
"31",-2,1119.40000004768,8
"31",1,3339.49999997616,7
"31",1,1758.50000004769,14
"31",-2,3577.3,10
"31",-1,2585.8,1
"31",1,2098.39999999999,15
"31",-2,1951.50000007152,12
"31",2,1113.2,13
"31",-2,1741.09999997616,5
"31",-2,767.899999999994,3
"30",-1,18085.0000000477,2
"30",1,5681.79999997616,10
"30",-1,2030.2,1
"30",1,1814.00000007152,9
"30",-1,5357.90000002384,18
"30",1,1975.69999997616,16
"30",-1,2112.6,8
"30",-1,2820.49999997616,11
"30",1,2084.70000007153,15
"30",-1,2001.59999997616,13
"30",-2,3609.59999997616,17
"30",1,2633.20000000001,12
"30",-1,1952.80000002384,4
"30",2,4850.90000004768,6
"30",1,1120.69999997616,7
"30",-1,2380.30000004769,14
"30",-1,1509.10000000001,3
"30",1,1425.60000002384,5
"30",-1,7497.00000002384,19
"30",1,1173.80000002384,20
"30",1,1326.5,21
"30",1,3273.89999999999,13
"30",2,2263.8,1
"30",1,1150,2
"30",1,1551.80000007153,14
"30",-1,4938.90000007153,12
"30",-1,1125.50000004769,7
"30",1,1960.80000004769,9
"30",1,946.099999976155,3
"30",1,828.600000071528,4
"30",1,683.300000000003,17
"30",-1,8514.30000007153,8
"30",1,1182.30000002384,16
"30",-1,1239.60000000001,15
"30",-1,3822.50000007152,10
"30",-1,2981.30000004769,5
"30",1,975.100000023842,11
"30",-1,4560.29999999999,18
"30",-1,1130.79999997615,6
"29",-1,18902.6999999046,18
"29",-1,2914.19999992847,9
"29",1,1453.89999997616,12
"29",-1,1356.39999995231,10
"29",1,5062.1,2
"29",-1,1132.2,11
"29",1,10551.8999999762,13
"29",1,3417.79999992847,16
"29",2,2185.19999990463,3
"29",1,1377.59999997616,8
"29",-1,1347.19999990463,4
"29",2,1581.99999992848,5
"29",1,1351.29999992847,15
"29",1,1329.29999990463,17
"29",-1,1932.79999995232,1
"29",-1,1111.99999990463,14
"29",2,1764.09999990463,7
"29",-1,3846.19999992847,6
"29",-2,1413.49999995231,19
"29",2,1148.59999997616,20
"29",-2,1263.39999999999,21
"29",1,1749.49999990463,11
"29",-1,1751.99999997616,16
"29",1,1594.39999992847,1
"29",1,1115.09999992847,8
"29",1,1590.99999990463,9
"29",-1,3063.60000000001,17
"29",-1,1509.79999990463,12
"29",-1,2810.2,13
"29",1,1737.59999997616,4
"29",1,956.599999952319,6
"29",1,1349.8,18
"29",-2,1433.09999997616,3
"29",-1,2472.39999997616,2
"29",1,1430.19999997616,10
"29",-2,1701.2,5
"29",-1,1297.39999990464,7
"29",1,1997.89999997616,14
"29",-1,5814.79999992848,15
"27",-1,14708.4999999523,16
"27",-2,3232.00000002384,4
"27",1,2255.69999997616,15
"27",-1,3085.40000002384,18
"27",2,994.20000002384,9
"27",-2,2338.59999997616,11
"27",-1,1509.19999995232,2
"27",-2,1897.19999995232,12
"27",1,1277.99999997616,10
"27",2,939.100000023842,5
"27",2,749.599999976155,7
"27",-2,2400.69999995232,14
"27",-1,1552.69999995232,13
"27",-1,1722.79999995232,17
"27",1,1318.49999992848,1
"27",-1,2865.7,6
"27",2,1079.49999995231,8
"27",1,1172.79999995232,3
"27",-2,1014.29999997616,21
"27",1,2102.09999992848,20
"27",-1,2018.5,19
"27",-2,1033.3,8
"27",2,1312.8,17
"27",2,1397.39999992847,13
"27",-2,1053.50000002384,3
"27",-1,1692,1
"27",-2,1984.70000002385,7
"27",-1,2201.5,10
"27",1,1489.3,11
"27",1,1461.99999997616,9
"27",1,2275.99999997616,15
"27",1,2649.39999999999,4
"27",-2,1056.39999992847,5
"27",1,1485.99999995231,14
"27",2,1586.79999997615,12
"27",1,2123.49999997616,18
"27",-1,3215.29999995232,6
"27",1,1623.39999995232,16
"27",1,2734.59999992847,2
"26",1,24178.3,15
"26",-1,1971.19999995232,1
"26",1,1732.40000002384,12
"26",1,1056.09999997616,2
"26",1,1100.90000002384,18
"26",1,1073.69999997616,11
"26",-1,1231.20000002384,7
"26",-1,1166.60000002384,17
"26",-1,1080.70000004768,8
"26",1,1605.69999997616,3
"26",1,829.000000047687,14
"26",-1,1988.99999995231,4
"26",2,1606.00000004769,10
"26",2,1013.89999997616,6
"26",-1,1175.9,5
"26",-1,1191.40000002384,13
"26",-1,864.000000023843,16
"26",-1,989.200000047684,9
"26",-2,1430.90000004768,21
"26",2,2021.89999997616,20
"26",2,1109.69999995232,19
"26",-1,1025.70000004768,12
"26",2,1280.8,10
"26",-1,1014.30000002384,17
"26",1,1294.20000002385,14
"26",-1,986.699999976161,3
"26",2,2356.70000004768,11
"26",2,1613.89999995232,5
"26",-1,1261.7,8
"26",1,1363.49999997616,4
"26",-1,2189.90000004768,6
"26",-1,1317.69999995231,2
"26",-1,873.199999976161,18
"26",-1,742.499999976164,16
"26",1,1769.7,9
"26",1,794.399999952322,13
"26",1,635.000000047687,7
"26",1,705.799999952316,1
"26",1,2166,15
"25",2,19961.9000000954,7
"25",-2,1147.70000007153,12
"25",1,1318.40000007152,2
"25",-2,1289.60000004769,14
"25",2,1093.90000007152,1
"25",2,1306.60000009536,5
"25",2,1054.8,8
"25",-2,1909.00000004769,10
"25",-1,1520.90000002384,18
"25",-1,1620.40000004768,11
"25",1,1411.5,13
"25",1,2451.80000004768,3
"25",1,1657.60000009536,16
"25",1,767.600000095365,4
"25",1,873.200000047684,17
"25",-1,1230.70000007153,15
"25",1,1197.8,9
"25",1,1174.5,6
"25",2,1279.8,20
"25",2,820.400000071524,19
"25",-2,1500.70000004768,21
"25",-2,896.5,1
"25",-2,748.600000071528,2
"25",-2,519.000000023843,11
"25",-2,1242.50000007152,5
"25",-2,1329.40000009537,16
"25",1,1605.50000004769,15
"25",2,1533.10000007153,12
"25",-2,1545.00000007152,7
"25",-1,1547.39999999999,8
"25",-2,1774.30000004769,17
"25",-1,2279.89999999999,14
"25",1,3085.00000004769,13
"25",1,1753.30000007153,6
"25",-1,2659.5,10
"25",-2,1921.60000000001,3
"25",1,2125.00000002384,18
"25",1,1151.70000009537,9
"25",-2,1690.60000004768,4
"24",1,17799.8,18
"24",-1,1697.30000009537,16
"24",-1,1358.20000004768,11
"24",1,960.200000047684,6
"24",1,761.099999999999,12
"24",1,1948.00000009537,9
"24",-1,1518.60000007153,17
"24",1,1377.90000004768,14
"24",-1,1259.30000007153,8
"24",-1,865.400000095367,3
"24",2,1319.30000004768,15
"24",1,1146.80000009537,10
"24",1,909.599999999998,5
"24",1,2337.30000004768,7
"24",1,2148.20000009537,4
"24",-1,2087,13
"24",-1,802.600000071528,1
"24",-1,1266.59999999999,2
"24",2,1208.60000009536,20
"24",1,873.800000000003,19
"24",-2,1118.80000004768,21
"24",1,1010.10000004769,16
"24",1,786.100000023842,3
"24",1,1579.1,9
"24",1,907.70000002384,17
"24",1,719.500000095373,13
"24",1,994.899999999994,18
"24",-1,1052.70000002385,5
"24",1,898.300000023839,2
"24",1,718.399999999994,10
"24",1,1113.90000004768,4
"24",1,766.500000071523,1
"24",1,1200.00000000001,7
"24",-1,1561.39999999999,6
"24",-1,1219.30000009536,15
"24",1,898.20000009537,8
"24",1,807.200000047684,11
"24",-1,863.400000095367,12
"24",-1,1493.30000007153,14
"23",-1,37232.8,3
"23",1,1103.59999997616,8
"23",1,2643.69999997616,14
"23",1,1002.4,7
"23",1,1018.4,9
"23",-1,1257.60000007153,10
"23",-1,1160.00000004769,4
"23",1,1162.10000004769,1
"23",1,1012.79999997616,18
"23",-1,1499.9,16
"23",1,1352.80000002384,5
"23",1,1210.70000002384,2
"23",1,1314.7,11
"23",1,1303.7,15
"23",-1,1362.59999997616,13
"23",-1,1588.8,17
"23",1,1189.10000004768,6
"23",1,1198.09999997616,12
"23",1,4766.40000000001,20
"23",-1,1616.69999997616,21
"23",-1,1785.10000004768,19
"23",-1,1930.30000004769,2
"23",2,1420.70000007152,14
"23",-1,1196.10000007153,15
"23",1,981.100000023842,1
"23",-1,2006.20000007152,12
"23",-1,1326.20000007152,7
"23",1,881.699999976161,9
"23",-1,1015.10000000001,4
"23",1,2366.70000000001,16
"23",1,1465.2,8
"23",-1,983.099999976155,6
"23",-1,1720.70000002385,18
"23",1,1411.60000004768,17
"23",1,963.800000071526,13
"23",-1,1389.70000004768,11
"23",-1,1222.8,5
"23",1,1117.99999997616,3
"23",-1,1185.29999997615,10
"20",2,6700,1
"20",-1,2751.20000001192,17
"20",1,1385.40000000596,9
"20",2,1202.2,5
"20",1,2746.10000000596,3
"20",1,2732.99999999404,6
"20",1,1632.00000001788,16
"20",1,2071.6,2
"20",-2,1132.59999999404,12
"20",2,968.10000001192,7
"20",2,665.500000011918,8
"20",1,3191.50000001192,13
"20",-1,1544.40000000596,4
"20",2,1202.79999999404,10
"20",2,954.40000001192,18
"20",1,1052.69999999404,11
"20",2,1338.90000001192,15
"20",-2,1886.30000000596,14
"20",-1,2402.50000000596,21
"20",-1,2370.19999999404,19
"20",2,1115.80000001192,20
"20",1,2447.80000001192,13
"20",-2,1414.40000001788,15
"20",1,1446.40000001788,14
"20",-1,1805,11
"20",-2,1221.10000001788,5
"20",-2,852.399999994042,1
"20",1,1554.70000000596,6
"20",-1,1356.89999999999,3
"20",-1,1286.49999999403,9
"20",1,2147.30000001192,2
"20",2,1022.20000000596,17
"20",-1,893.400000011927,8
"20",-1,2034.10000001788,10
"20",1,2624.70000001788,4
"20",1,3472.40000000596,16
"20",-1,1789.39999999404,18
"20",2,1054.49999999403,12
"20",-2,916.699999999997,7
"19",1,25180.6000000119,17
"19",-1,3852.49999999404,4
"19",-1,3074.59999999404,11
"19",-1,2008.4,12
"19",-1,3135.99999999404,18
"19",1,2107.00000000596,2
"19",-2,2590.90000001192,16
"19",-1,3759.99999999404,10
"19",1,3161.80000001192,6
"19",1,1819.69999998808,3
"19",1,1459.30000000596,15
"19",1,1552.9,1
"19",-1,1211.20000001192,9
"19",1,1195.19999998808,5
"19",1,1036.10000000001,7
"19",1,2434.8,8
"19",1,2352.90000000596,13
"19",-1,1507.60000000001,14
"19",2,1295.40000001193,20
"19",1,1588.10000001192,19
"19",2,1461.49999999403,21
"19",-1,2154.59999999404,7
"19",-2,1725,4
"19",1,1448.09999998807,13
"19",1,822.900000011927,8
"19",-1,1733.29999999999,6
"19",1,2153.39999999999,17
"19",1,1299.70000000596,18
"19",1,944.199999988079,14
"19",1,1130.20000000596,9
"19",1,2574.29999998808,12
"19",1,3207.5,15
"19",1,2295.69999998808,3
"19",1,3132.50000001192,10
"19",-1,1168.10000000001,5
"19",1,969.200000011915,1
"19",1,1858.99999998808,2
"19",1,880.599999988073,11
"19",1,758.199999999997,16
"18",-1,25642.7000000179,9
"18",1,4281.1,5
"18",1,1158.4,12
"18",-1,2297.30000000596,16
"18",1,909.20000002384,13
"18",-1,1689.10000000596,10
"18",1,901.800000000003,4
"18",-2,2097.9,14
"18",1,1830.40000001192,6
"18",1,805.900000000001,7
"18",1,1791.4,3
"18",1,1438.6,15
"18",1,1605.40000000596,1
"18",-1,1837.20000001192,17
"18",-1,1260,18
"18",1,1665.70000002384,11
"18",1,1727.50000000596,2
"18",1,1947.60000002384,8
"18",1,1862.10000000596,19
"18",-1,1476.3,21
"18",-1,2017.50000000597,20
"18",1,1017.20000001192,6
"18",1,1248.00000001788,5
"18",1,1575,9
"18",-1,2552.20000001192,13
"18",1,1506.50000002384,12
"18",-1,1350.09999999999,14
"18",1,1081.30000002384,17
"18",1,2694.60000002384,16
"18",-1,2883.2,2
"18",1,5472.80000001789,7
"18",1,5030.10000000001,8
"18",-1,1429.20000000596,10
"18",-1,1204.40000002384,1
"18",-1,1685.00000001788,4
"18",-1,953.700000017881,11
"18",-1,1115.60000002384,3
"18",-1,4271.80000001789,15
"18",-1,1276.40000000596,18
"17",-2,13772.9999999881,17
"17",1,7269.79999999404,9
"17",2,2771.29999998808,6
"17",-1,7812.69999998808,4
"17",2,1236.49999999106,10
"17",-2,1715.59999999702,5
"17",1,1471.49999999404,18
"17",-1,5484.89999998808,13
"17",2,1081.39999999702,2
"17",2,1622.69999999106,15
"17",-2,1382.09999999106,16
"17",-2,1407.6,7
"17",-1,2095.6,3
"17",2,1092.09999999106,12
"17",-1,1825.19999998808,1
"17",1,5912.59999998807,8
"17",1,1548.49999999403,14
"17",1,1207.10000000001,11
"17",-1,4951.79999998808,20
"17",1,2969.19999999106,19
"17",-2,1026.60000000001,21
"17",1,3425.99999999403,13
"17",2,1009.39999999404,17
"17",-1,4121.69999998808,10
"17",2,1100.8,7
"17",-2,1199.89999999998,15
"17",-1,2953.59999999404,11
"17",1,5899.59999999404,4
"17",2,1280.39999999404,9
"17",-1,1437.59999999106,18
"17",-2,1340.69999999701,6
"17",2,4399.39999999106,16
"17",1,4807.99999999702,12
"17",2,2247.89999999404,3
"17",-2,1230.79999998808,2
"17",2,1021.89999999999,5
"17",2,1452.99999999702,8
"17",2,1171.39999999403,1
"17",1,2412.60000000001,14
"11",1,19095.3,7
"11",-1,3526.20000000037,3
"11",2,1112.99999999981,13
"11",-1,2420.90000000019,1
"11",-2,2652.50000000037,11
"11",-2,1834.70000000038,4
"11",1,2425.09999999982,15
"11",-1,4088.59999999982,12
"11",1,2021.19999999982,18
"11",1,1236.39999999963,9
"11",-1,3027.5,2
"11",1,3354.39999999963,16
"11",-1,3900.69999999982,17
"11",1,1376.70000000019,10
"11",1,1666.70000000002,14
"11",-1,1328.10000000018,6
"11",2,1347.60000000037,5
"11",1,1278.10000000018,8
"11",2,995.499999999811,20
"11",-1,3756.40000000037,21
"11",1,2262.40000000037,19
"11",1,1348.20000000019,16
"11",1,1351.79999999962,3
"11",-1,1889.20000000038,17
"11",1,2157.90000000037,9
"11",2,1408.00000000038,4
"11",1,3631.70000000019,2
"11",1,6807.59999999963,14
"11",1,1871.30000000019,6
"11",-1,1644.99999999962,15
"11",1,1507.30000000019,12
"11",-1,2111.39999999982,10
"11",-1,1571.90000000018,7
"11",2,1316.7,1
"11",2,897.100000000006,11
"11",-1,1438.39999999963,18
"11",-1,1380.59999999963,13
"11",-1,1230.3,5
"11",-1,1181.00000000038,8
"10",1,14838.4000000002,2
"10",1,2925.09999999991,3
"10",1,2072.10000000009,9
"10",1,1477.50000000019,4
"10",-1,2547.09999999991,13
"10",1,1413.60000000009,15
"10",-1,1517.9,11
"10",1,1544.80000000009,1
"10",-1,1603.60000000009,5
"10",-1,1131.60000000009,7
"10",-1,2311.20000000028,14
"10",2,1163.10000000019,6
"10",-1,1061.30000000028,18
"10",-1,1051.10000000009,16
"10",-1,1416.5,17
"10",1,1656.5,12
"10",1,966.5,10
"10",-1,1633.30000000018,8
"10",2,1480.50000000009,19
"10",-2,1110.00000000028,21
"10",-1,1737.9000000001,20
"10",-2,1668.60000000009,4
"10",-1,1338.10000000019,1
"10",1,1716.8,5
"10",-1,1992.60000000009,12
"10",1,1633.20000000001,11
"10",1,1856.80000000019,18
"10",1,806.699999999997,8
"10",-1,1054.90000000018,15
"10",-1,1052.30000000009,2
"10",-1,1522.90000000018,9
"10",1,1118.2000000001,14
"10",1,816.599999999991,16
"10",1,936.60000000018,10
"10",1,939.600000000006,17
"10",1,1126.19999999991,7
"10",-1,1074.50000000019,3
"10",-2,1351.70000000019,6
"10",1,2209.99999999991,13
"9",-1,13933.2,18
"9",1,1539.79999999702,3
"9",-1,1630.60000000596,17
"9",1,917.700000008939,4
"9",1,888.199999997021,16
"9",-1,1302.00000000596,9
"9",-1,961.099999999998,14
"9",1,1635.70000000894,5
"9",-1,2058.59999999702,10
"9",-1,1184.40000000894,7
"9",1,1857.00000000596,12
"9",2,999.099999999998,2
"9",-1,1215.70000000596,6
"9",1,1375.80000000894,13
"9",-1,1816.59999999999,15
"9",-2,1233.20000000596,11
"9",1,1176.50000000596,1
"9",1,1306.79999999702,8
"9",-2,1094.10000000894,19
"9",-2,890.800000002979,21
"9",1,1183.50000000001,20
"9",1,968.600000005958,7
"9",-2,1274.20000000894,4
"9",1,1239.30000000596,15
"9",1,1990.20000000894,8
"9",-1,1342.90000000894,13
"9",2,1249.50000000894,11
"9",1,2464.40000000298,5
"9",-1,3037.99999999702,16
"9",-1,1405,3
"9",-1,2276.50000000597,2
"9",1,4298.39999999999,14
"9",1,967.700000008946,18
"9",-1,1328.29999999702,17
"9",-1,1011.7,1
"9",1,1108.09999999702,9
"9",1,2416.10000000297,6
"9",1,768.000000002983,12
"9",-1,1545.10000000596,10
"6",-1,4674.19999999981,12
"6",1,19375.6999999998,17
"6",1,9625.10000000009,16
"6",1,1576.19999999982,7
"6",-1,3865.5000000001,18
"6",1,2935.79999999991,13
"6",1,11362.7000000001,2
"6",1,1133.3,6
"6",1,2479.89999999981,9
"6",2,1085.29999999981,5
"6",1,1281.9000000001,4
"6",1,2527.7000000001,15
"6",1,1610.69999999981,3
"6",1,3338.5,10
"6",1,989.400000000183,14
"6",-1,2126.09999999982,11
"6",1,2745.4000000001,1
"6",1,2219.60000000009,8
"6",1,3171.50000000009,20
"6",1,2708.80000000009,19
"6",-1,7769.19999999991,21
"6",-2,1562.50000000019,7
"6",1,1292.50000000019,15
"6",1,5849.10000000009,2
"6",-2,1727.90000000018,4
"6",-2,2707.30000000019,6
"6",1,1080.0999999999,13
"6",1,2053.29999999981,3
"6",-1,2090.80000000019,5
"6",1,1296.2,9
"6",1,932.199999999808,10
"6",1,1287.40000000018,12
"6",2,2899.89999999997,8
"6",1,3072.6999999999,1
"6",1,1270.5,18
"6",1,1771.39999999999,14
"6",1,797.799999999988,11
"6",1,1125.70000000019,17
"6",1,1737.10000000018,16
"5",1,21135,5
"5",-2,1402.4,14
"5",2,1202.8,3
"5",-1,1194.00000000001,6
"5",1,2362.70000000001,17
"5",-1,1900.9,12
"5",2,1232.6,7
"5",2,1096.40000000001,15
"5",2,925.100000000006,4
"5",2,832.599999999999,18
"5",2,871.80000000001,13
"5",2,773.100000000006,1
"5",2,742.700000000004,11
"5",1,1273.50000000001,16
"5",1,902.400000000002,8
"5",2,818.900000000009,2
"5",2,737.80000000001,10
"5",1,1347.7,9
"5",2,1103.50000000001,19
"5",-1,1659.50000000001,21
"5",2,825.500000000015,20
"5",-2,1392.8,11
"5",-1,1017.39999999999,10
"5",-2,1184.90000000001,15
"5",-1,1185.60000000001,8
"5",-1,1034.40000000001,18
"5",1,1649.99999999999,13
"5",-1,3785.20000000001,2
"5",-1,673.600000000006,4
"5",-1,630.399999999994,6
"5",-1,1486.09999999999,1
"5",-2,2187.20000000001,3
"5",1,924.000000000015,9
"5",-1,1182.60000000001,5
"5",-1,2024.5,7
"5",1,1615.7,14
"5",2,959.199999999997,17
"5",1,1850,12
"5",-1,1120.70000000001,16
"2",1,13111.0000000089,6
"2",1,3372.00000000596,2
"2",1,1901.40000000596,12
"2",1,1442,8
"2",1,2193.90000000298,14
"2",-1,2288.5,9
"2",1,2125.60000000596,5
"2",2,1129.1,15
"2",1,1955.9,1
"2",1,1725.9,7
"2",-1,2553.50000000894,3
"2",-1,2692.59999999702,16
"2",1,3271.90000000596,17
"2",-1,1549.50000000894,4
"2",1,1824.39999999702,18
"2",-1,1527.29999999702,13
"2",1,1395.4,11
"2",-1,1427.60000000894,10
"2",-2,1826.9,20
"2",1,1210.59999999702,21
"2",1,1562.50000000298,19
"2",1,1484.50000000298,16
"2",-1,1673.40000000596,3
"2",-2,5102.60000000297,5
"2",-1,1482.60000000297,6
"2",-1,1303.80000000595,15
"2",2,2284.00000000298,9
"2",1,1192.70000000298,1
"2",-1,3681.10000000596,7
"2",-1,4295,13
"2",-1,1211.59999999702,2
"2",1,1083.39999999999,8
"2",-2,3016.7,4
"2",1,2593.3,12
"2",-1,1442.10000000001,18
"2",2,1560.50000000597,14
"2",2,1178.90000000894,17
"2",-1,2484,10
"2",-1,2032.60000000596,11
"71",1,34644.5999998093,11
"71",1,10914.5000001907,2
"71",1,5223.3,3
"71",2,3246.79999990463,13
"71",-2,6340.59999980927,6
"71",1,8383.2,17
"71",1,3841.79999980927,1
"71",1,7383.99999990463,18
"71",2,1673.00000009537,7
"71",-1,6054.80000019073,8
"71",2,1636.09999990463,4
"71",1,4515.50000019073,9
"71",-1,4775.3,12
"71",1,3712.50000019073,14
"71",1,2924.70000009537,16
"71",1,3224.39999980926,5
"71",1,3247.5,15
"71",1,4318.49999980927,10
"71",1,6066.00000019073,19
"71",2,7743.79999999999,21
"71",1,1882.5,20
"71",-1,3111.89999999999,16
"71",-1,1964,13
"71",-1,1661.90000009537,5
"71",-1,2324.40000019074,10
"71",1,2599.09999980926,11
"71",1,3728.10000000001,6
"71",-1,4027.79999980927,4
"71",1,1962.99999990463,9
"71",-1,3252.59999980926,15
"71",1,1858.90000009537,2
"71",1,1961.50000009537,3
"71",1,2355,14
"71",1,2413.19999990464,17
"71",1,3805.20000000001,8
"71",-1,1845.29999990464,18
"71",1,3579.99999990463,1
"71",-1,3877.49999980925,7
"71",2,3170.89999980928,12
"70",2,23846.5,1
"70",1,1940.30000019073,6
"70",-1,1935.10000009536,12
"70",2,1442.09999990463,7
"70",2,1808.29999990463,15
"70",2,656.399999809262,10
"70",2,1221.79999990463,2
"70",1,1341.90000009537,8
"70",-2,1576.79999990463,14
"70",1,1649.90000019073,16
"70",1,2512.59999980927,3
"70",-2,1588.59999980927,9
"70",1,2445.09999990463,18
"70",-1,2004.00000019073,5
"70",2,1843.89999980926,13
"70",2,1242.5,4
"70",2,617.400000190733,11
"70",-1,3240.69999990463,17
"70",2,1095.2,20
"70",-2,1468.19999980927,21
"70",1,2065.39999990464,19
"70",1,3807.8,6
"70",-1,2119.49999990463,3
"70",2,1235.20000009537,8
"70",2,760.899999999994,7
"70",1,1555.49999990463,5
"70",-1,1693.90000019074,12
"70",-1,2290.60000009536,10
"70",-2,1247.09999980926,4
"70",-1,1573.59999990463,13
"70",1,2175.20000019073,14
"70",-2,1593.20000009537,15
"70",-2,825.400000095367,18
"70",2,1632.60000019074,9
"70",-2,1256.00000019073,11
"70",-2,837.399999904635,2
"70",-2,1483.29999999999,1
"70",2,1330.3,17
"70",-2,3021.10000000001,16
"69",-1,24634.5999997139,16
"69",1,3833.1999997139,7
"69",-1,3904.39999990464,5
"69",1,4724.70000009537,2
"69",-1,2815.89999980926,1
"69",-1,3112.29999990463,3
"69",-1,2692.5999997139,18
"69",1,2369.19999980927,10
"69",2,995.199999713899,4
"69",1,1940,8
"69",1,1542.10000009536,9
"69",1,5888.80000009537,11
"69",1,3637.4999997139,15
"69",2,3364.30000009536,13
"69",-1,2718.5,14
"69",1,1353.39999999999,6
"69",-1,4507.39999990464,17
"69",-1,2759.59999980926,12
"69",1,1761.7999997139,19
"69",-1,3771.7999997139,20
"69",-2,1661.39999999999,21
"69",-1,1619.09999980926,2
"69",-2,1770.39999999999,4
"69",-1,1315.99999971389,11
"69",1,3495.79999990463,7
"69",1,2899.99999999998,8
"69",-1,16929.7,17
"69",1,9133.09999999996,5
"69",1,4240.79999990464,3
"69",-1,1951.19999980926,16
"69",-1,2729.09999980926,13
"69",-1,21636.8999999046,6
"69",-1,2756.39999990462,15
"69",1,1525.49999980925,9
"69",-1,4681.60000009538,18
"69",1,3918.3999997139,1
"69",1,3777.69999980927,10
"69",1,10123.4,12
"69",1,2982.59999980926,14
"58",1,38782.7,6
"58",-1,2496.40000009537,11
"58",-1,25389.5000001907,1
"58",-1,2574.2,8
"58",1,8127.20000014306,5
"58",-1,11466.5,14
"58",1,5576.7,15
"58",1,2234.50000019073,12
"58",-2,1641.70000004768,16
"58",-1,1799.89999999999,13
"58",-1,4856.50000019073,4
"58",-1,1774.40000014305,18
"58",-1,2295.10000009536,9
"58",-1,3804.80000009536,3
"58",-1,3948.39999999999,10
"58",1,1895.7,2
"58",1,7204.30000019073,17
"58",1,8636.30000019073,7
"58",-1,8859.00000014305,19
"58",1,2889.40000009537,20
"58",1,2526.30000014306,21
"58",1,2785.40000019074,10
"58",1,1969.79999999999,18
"58",1,1666.59999999998,11
"58",-1,2913.60000009538,4
"58",1,2116.69999999998,15
"58",-1,1721.60000004768,6
"58",1,8284.60000000001,14
"58",1,2689.70000019073,1
"58",1,2566.4000000477,16
"58",1,11703.7,17
"58",2,1565.00000014305,7
"58",1,1942.70000019073,13
"58",-1,2385.40000019074,2
"58",2,1257.9000000477,8
"58",-1,1304.29999999999,5
"58",1,3060.00000004767,9
"58",-1,1954.10000004768,12
"58",1,2452.50000014305,3
"56",-1,14665.7,4
"56",1,1967.99999990463,17
"56",1,1329.20000009537,8
"56",-2,1684.29999990463,18
"56",-1,4953.19999995232,16
"56",-1,3163.30000009537,9
"56",2,1253.09999990463,7
"56",1,1419.29999995232,3
"56",-1,1378.4,14
"56",2,1428.2,2
"56",1,1531.40000009537,5
"56",1,1414.60000004769,1
"56",-1,2254.59999990463,12
"56",2,1500.00000000001,6
"56",-1,1706.3,11
"56",-2,2765.29999990463,10
"56",1,2143.50000004769,13
"56",2,2274,15
"56",1,1599.9,19
"56",1,1296.2,21
"56",2,1140.59999995232,20
"56",-1,1855.70000004768,6
"56",1,1661.79999995232,18
"56",-1,1571.79999995232,5
"56",-1,1965.10000004768,3
"56",-1,1542.69999995231,1
"56",1,1650.20000000001,16
"56",-2,1632.70000009537,4
"56",1,2471.89999995232,8
"56",1,1341.29999995232,12
"56",1,1248.10000009536,15
"56",1,1118.69999995231,11
"56",1,2498.8,14
"56",2,1343.5,10
"56",-1,1257.40000004768,2
"56",1,1167.79999990463,9
"56",-1,1144.20000004768,7
"56",2,1427.60000009536,13
"56",1,1163.69999990464,17
"54",1,18582.6000000477,2
"54",-1,3240.00000009537,17
"54",1,2094.40000004768,12
"54",1,1258.30000009537,1
"54",1,5416.6,11
"54",-1,1753.1,18
"54",1,4226.69999990463,6
"54",-1,2194.59999990463,13
"54",-1,2194.7,5
"54",-1,2851.19999995232,14
"54",-1,1921.29999995232,16
"54",-2,3213.39999990464,7
"54",1,2061.39999990464,10
"54",-1,2211.49999990463,4
"54",-1,2106.69999995231,9
"54",-1,1671.69999995231,8
"54",-1,3148.3,3
"54",1,3191.5,15
"54",2,1704.3,21
"54",1,4284.50000004769,19
"54",1,1241.29999995232,20
"54",1,1110.90000004768,8
"54",-2,2412.00000004769,15
"54",1,2443.50000004769,13
"54",1,1890.80000009536,17
"54",-1,2303.00000009537,4
"54",1,1827.29999990463,16
"54",1,1057.80000004769,14
"54",1,1103.80000004769,9
"54",1,4108.90000009537,10
"54",1,1343.99999995231,1
"54",1,2042.69999995231,5
"54",1,1809.29999995232,7
"54",1,1145.39999995232,11
"54",1,1212.09999995232,3
"54",-1,3277.10000004768,6
"54",-1,1249.90000000001,2
"54",-1,1368.10000004768,12
"54",1,1658.39999990464,18
"61",1,16751.6,9
"61",1,2277,2
"61",-2,3461.8,12
"61",1,940.6,8
"61",1,2188.3,18
"61",2,960.1,15
"61",1,1863.4,11
"61",1,1345,10
"61",1,1882.3,16
"61",-1,1275.5,14
"61",-1,1629.7,5
"61",1,1289.6,4
"61",-1,1474.7,1
"61",1,1117.5,7
"61",-1,1339.5,6
"61",2,1604.5,13
"61",-1,1640,3
"61",1,1521.8,17
"61",-2,1307.4,21
"61",-1,2357.7,19
"61",1,1061.2,20
"61",-2,3891.4,18
"61",-1,1528.5,13
"61",-1,1231.9,9
"61",1,1180.7,17
"61",-1,1267.9,4
"61",1,1751.4,3
"61",1,1183.5,11
"61",1,1237,5
"61",-1,1169.6,15
"61",-2,3319.8,10
"61",2,1141.2,7
"61",-1,1694.3,16
"61",1,2126.8,1
"61",1,949.8,12
"61",-1,2742.7,8
"61",1,988,6
"61",-1,1555.2,2
"61",-1,1729.7,14
"62",1,12240.3000000007,13
"62",1,7582.99999999851,16
"62",2,1683.39999999926,10
"62",2,1060.79999999777,4
"62",1,4814.7,12
"62",2,2359.70000000075,3
"62",1,1571.9,18
"62",1,1947.6,2
"62",1,1536.2,15
"62",1,1556.90000000074,5
"62",-1,1639.49999999851,17
"62",-2,1244.6,14
"62",2,2344.39999999777,11
"62",-1,1326.49999999851,6
"62",-1,2555.19999999851,1
"62",-1,1165.19999999776,9
"62",-1,5853.2,7
"62",1,1455.7,8
"62",1,1193.39999999777,20
"62",1,1100.50000000074,19
"62",1,982.799999997762,21
"62",1,997.599999997765,1
"62",-1,1042.09999999851,2
"62",1,1794.79999999776,8
"62",1,1110.69999999926,6
"62",-2,1482.49999999926,11
"62",-1,5915.19999999851,13
"62",-2,1356.89999999851,4
"62",-2,795.600000000748,15
"62",1,1330.09999999925,10
"62",1,1086.29999999776,17
"62",1,752.499999998516,7
"62",1,896.199999999997,12
"62",1,724.699999999255,9
"62",-1,2277.10000000075,3
"62",1,1117.70000000074,16
"62",-1,2223.99999999852,5
"62",1,1340.7,14
"62",-2,1187.89999999777,18
